k,Ev,mes-ano,ONI
1059.8857442348008,0.36844644960593115,Jul-49,-0.30721456
1041.6553983228512,0.34043188082937437,Aug-49,-0.36240476
1139.0987945492664,0.33554853861220196,Sep-49,-0.4409121
1202.0099580712788,0.32005069052203344,Oct-49,-0.42093292
1200.9496855345913,0.32287522099970734,Nov-49,-0.39732447
1162.9924004192872,0.3432543559254426,Dec-49,-0.3695269
1207.2269392033543,0.32337188578432463,Jan-50,-0.42945546
1144.0445492662475,0.3102895572913181,Feb-50,-0.58291996
1151.9101153039833,0.30223845447781755,Mar-50,-0.7054761
1158.120283018868,0.3045360191699333,Apr-50,-0.6320081
1153.0136268343815,0.302109684866979,May-50,-0.4688133
1114.6352201257862,0.3006607687911028,Jun-50,-0.34778956
1159.894392033543,0.3368088038175293,Jul-50,-0.47205257
1230.7012578616352,0.32123943483882866,Aug-50,-0.5834399
1296.545073375262,0.326804206052826,Sep-50,-0.61734176
1306.0927672955975,0.3256368301294972,Oct-50,-0.5441122
1318.4250524109016,0.3324962700775788,Nov-50,-0.48841736
1248.8495807127883,0.3271408072564901,Dec-50,-0.48780945
1237.262316561845,0.32310711285757165,Jan-51,-0.5073065
1251.731394129979,0.32328080439150186,Feb-51,-0.6580448
1237.5314465408806,0.3196924167296634,Mar-51,-0.9827119
1266.3244234800839,0.324567153260539,Apr-51,-1.1709881
1255.7316561844864,0.3280263379876777,May-51,-1.1941218
1243.9800838574424,0.32940453182582474,Jun-51,-1.1074102
1308.1189727463313,0.3626808842407624,Jul-51,-1.0655986
1317.1307651991615,0.3355069690631313,Aug-51,-1.0678246
1504.252358490566,0.3653366737335304,Sep-51,-1.0552858
1592.5107442348008,0.3768828536555554,Oct-51,-1.0058904
1530.4698637316562,0.3668069476722345,Nov-51,-0.909525
1525.0136268343815,0.3680941423659751,Dec-51,-0.7921984
1590.7303459119496,0.3791656187313242,Jan-52,-0.7434943
1651.370283018868,0.38754565472710756,Feb-52,-0.8218486
1694.4229559748428,0.39631031776183895,Mar-52,-0.9429949
1763.9855870020965,0.4072568409547946,Apr-52,-0.973419
1696.2403039832286,0.3923694064484763,May-52,-0.9218535
1504.3149895178196,0.3605842514881458,Jun-52,-0.7872021
1329.8778825995807,0.3297866902471258,Jul-52,-0.6685787
1225.6325995807128,0.3187724568171289,Aug-52,-0.54109305
1164.370283018868,0.32807960815082265,Sep-52,-0.38350102
1104.8265199161426,0.4306815182752221,Oct-52,-0.2266946
1097.001572327044,0.33910847529908417,Nov-52,-0.06917551
1193.5448113207547,0.3303099895526893,Dec-52,0.0810012
1386.1588050314465,0.3416713379665624,Jan-53,0.14129259
1377.8558700209644,0.33470826245755797,Feb-53,0.21816982
1318.1029874213837,0.32800528847197463,Mar-53,0.16425201
1259.13286163522,0.3273785979043161,Apr-53,0.142721
1190.0144129979035,0.322900321183113,May-53,0.11774813
1123.2541928721173,0.32815510164173184,Jun-53,0.12095963
1016.2038784067086,0.3355728053368328,Jul-53,0.056759827
1073.4730083857442,0.412595414234353,Aug-53,0.0059022447
1091.446540880503,0.3528712095538437,Sep-53,-0.05134984
1124.0196540880504,0.3876484058301966,Oct-53,-0.060166333
1117.5159853249477,0.3473107299132045,Nov-53,-0.11974873
1196.775681341719,0.3328704571256587,Dec-53,-0.13323124
1150.8815513626835,0.3041038091627219,Jan-54,-0.13366912
1100.4111635220127,0.30982319371951395,Feb-54,-0.0742162
1107.1915618448638,0.32302661115091397,Mar-54,-0.13053831
1075.2211740041928,0.3507785752820576,Apr-54,-0.1598575
1081.558962264151,0.37059730867377816,May-54,-0.15851812
1191.1331236897274,0.3233498778537672,Jun-54,-0.07352939
1211.7513102725368,0.32641944513921134,Jul-54,-0.035804622
1292.3558700209644,0.32973711446184106,Aug-54,-0.08260044
1292.638364779874,0.32753711328741403,Sep-54,-0.0869714
1359.8212788259957,0.34285351712549833,Oct-54,0.01463557
1374.2672955974842,0.34512349994227914,Nov-54,0.036224257
1380.7489517819706,0.3496457859917109,Dec-54,0.08377305
1480.433962264151,0.36422648177099065,Jan-55,0.0104876505
1403.9575471698113,0.3415409569573449,Feb-55,-0.003114131
1358.5254192872117,0.33776890341382626,Mar-55,-0.0685273
1349.4140461215934,0.3385918548733378,Apr-55,-0.097878195
1262.440251572327,0.3193635245094715,May-55,-0.08032669
1291.120283018868,0.3276024372633637,Jun-55,-0.13526022
1323.948113207547,0.3366785395014183,Jul-55,-0.1386141
1224.1512054507336,0.3227182991016708,Aug-55,-0.20932402
1236.7237945492664,0.32169635021463366,Sep-55,-0.2356097
1287.881289308176,0.3330202965553538,Oct-55,-0.4117921
1219.0172955974842,0.3484380634203188,Nov-55,-0.55909103
1220.9601677148846,0.33855714739296944,Dec-55,-0.6990312
1210.0547693920334,0.34585312213547936,Jan-56,-0.7589461
1183.5238469601677,0.3470093174339505,Feb-56,-0.8185222
1167.2612683438156,0.35086590361282555,Mar-56,-0.8803567
1142.7649371069183,0.3441129662124583,Apr-56,-0.95426434
1100.9496855345913,0.3514412373264861,May-56,-0.88501614
1108.3453878406708,0.35756041408100436,Jun-56,-0.7906452
1154.2148846960167,0.34917322009930374,Jul-56,-0.643315
1152.2078092243187,0.31372207729975965,Aug-56,-0.63095367
1169.9504716981132,0.3138194098896067,Sep-56,-0.60372394
1206.7814465408806,0.3354525065713397,Oct-56,-0.6069829
1249.3474842767296,0.35882209538521775,Nov-56,-0.63035166
1234.267819706499,0.33439579075577186,Dec-56,-0.71726984
1416.7785639412998,0.35518284373015063,Jan-57,-0.84079
1445.1229035639412,0.35381214665317956,Feb-57,-1.064065
1394.1682389937107,0.3421215767679949,Mar-57,-1.2753747
1434.2777777777778,0.35302927192465733,Apr-57,-1.3524367
1454.256289308176,0.3578924016610639,May-57,-1.2294692
1500.7489517819706,0.3659970760882686,Jun-57,-0.96311975
1548.428459119497,0.37396333785744046,Jul-57,-0.72317106
1655.9664570230607,0.39281091488823006,Aug-57,-0.5785753
1673.313679245283,0.3962243063681087,Sep-57,-0.5687779
1751.196540880503,0.40304614328268423,Oct-57,-0.62494326
1797.5607966457023,0.4103257031523967,Nov-57,-0.6566735
1696.3147274633125,0.39596656674354336,Dec-57,-0.69688267
1544.263102725367,0.3729020383228464,Jan-58,-0.7040823
1439.0060272536687,0.3580471444065791,Feb-58,-0.7061819
1466.5356394129979,0.3564898357941777,Mar-58,-0.6252531
1645.2403039832286,0.386443858015918,Apr-58,-0.48959127
1618.045859538784,0.3779463526711086,May-58,-0.36434612
1621.057389937107,0.3762081790744117,Jun-58,-0.16158849
1454.986111111111,0.35845366808838075,Jul-58,-0.096339144
1324.9858490566037,0.3471189697661337,Aug-58,0.019166056
1221.2230083857442,0.3210403219446084,Sep-58,0.09891155
1164.257075471698,0.34053945690397447,Oct-58,0.2586991
1170.005503144654,0.3266201627731193,Nov-58,0.39616573
1140.1957547169811,0.32025108233111066,Dec-58,0.48995835
1095.3024109014675,0.3109490834141236,Jan-59,0.51372916
1097.644392033543,0.32123968124870905,Feb-59,0.5047121
1048.4281970649895,0.3489478349952469,Mar-59,0.62397915
1083.662997903564,0.36886402012152264,Apr-59,0.74745995
1097.1163522012578,0.35018633725152887,May-59,0.9512896
1108.583071278826,0.3250943806516661,Jun-59,0.9373508
1139.2203878406708,0.3134447822900742,Jul-59,0.8376872
1184.1197589098533,0.32204940658403775,Aug-59,0.643626
1290.9971174004193,0.33879489818237996,Sep-59,0.43965426
1322.329926624738,0.33542834784758335,Oct-59,0.31328914
1361.877358490566,0.34063306759902634,Nov-59,0.19490156
1347.1650943396226,0.34345677547167247,Dec-59,0.15569271
1217.2345387840671,0.3519194610317562,Jan-60,0.10669509
1180.263364779874,0.37128789082216473,Feb-60,0.068867885
1157.8860062893082,0.3238984611899691,Mar-60,0.02591781
1211.5094339622642,0.3279430830356226,Apr-60,0.10674291
1240.3466981132076,0.3278038210051445,May-60,0.28418258
1330.7856394129979,0.3443403942882965,Jun-60,0.40590507
1313.4093291404613,0.3425838590353788,Jul-60,0.34776378
1311.9842767295597,0.33715327462472255,Aug-60,0.18990506
1226.223532494759,0.32293546574697235,Sep-60,0.057572648
1236.5112683438156,0.3234963269935682,Oct-60,-0.024438549
1177.2851153039833,0.3321598532078896,Nov-60,-0.10696543
1155.4116876310272,0.33421898421451035,Dec-60,-0.21021527
1096.1318134171909,0.3547647331808652,Jan-61,-0.26926583
1117.882075471698,0.39149794381115827,Feb-61,-0.2828696
1097.7285115303982,0.4102097889911946,Mar-61,-0.2841472
1178.5503144654087,0.37342155088613965,Apr-61,-0.18278633
1113.881289308176,0.3217533868858272,May-61,-0.12156795
1182.8372641509434,0.3238465468530924,Jun-61,-0.10646263
1218.5788784067086,0.3446899857525689,Jul-61,-0.11926749
1180.9289832285115,0.3491781759218528,Aug-61,-0.13519539
1149.587788259958,0.34771436419940377,Sep-61,-0.072467566
1183.052935010482,0.3289089877275207,Oct-61,-0.07855418
1188.0623689727463,0.350279688153261,Nov-61,-0.09861271
1196.835429769392,0.3247771140552631,Dec-61,-0.084575385
1280.6666666666667,0.3616893439698932,Jan-62,-0.092810966
1272.9772012578617,0.33856438204454525,Feb-62,-0.12353506
1245.789570230608,0.3334914966921737,Mar-62,-0.22711565
1317.977463312369,0.3436530003275904,Apr-62,-0.24017823
1268.158280922432,0.3409385317869721,May-62,-0.15604936
1278.869496855346,0.34560558106131656,Jun-62,-0.14141914
1206.7502620545074,0.3233902496104163,Jul-62,-0.08541805
1231.9848008385745,0.3242474410087143,Aug-62,-0.095661685
1211.6857966457023,0.3312693330747315,Sep-62,0.009695689
1234.29035639413,0.33611636364596226,Oct-62,0.020510193
1201.428459119497,0.3238251349811513,Nov-62,-0.05601795
1147.0568658280922,0.32873248330996835,Dec-62,-0.1525797
1150.9093291404613,0.38740416980727865,Jan-63,-0.2688343
1056.1648322851154,0.4079246330089437,Feb-63,-0.31646582
1073.9850628930817,0.3889803383004896,Mar-63,-0.42338175
1063.6705974842766,0.3919235316313173,Apr-63,-0.49223748
1048.4593815513626,0.437657933346119,May-63,-0.4970507
1061.5765199161426,0.3352814243132929,Jun-63,-0.42826578
1081.5107442348008,0.3193564186089034,Jul-63,-0.38263345
1111.8003144654087,0.30923673395677315,Aug-63,-0.28189975
1175.1066561844864,0.3130307547226567,Sep-63,-0.21060883
1214.4158805031448,0.318103176599101,Oct-63,-0.18938963
1294.106394129979,0.3333197167781856,Nov-63,-0.1911419
1346.4664570230607,0.33989319515170535,Dec-63,-0.2404124
1284.95571278826,0.3280104506386343,Jan-64,-0.23193282
1348.7382075471698,0.36267672124292294,Feb-64,-0.308226
1402.5385220125786,0.3593626200937752,Mar-64,-0.4031137
1391.2866876310272,0.34563960379771963,Apr-64,-0.47663718
1301.754716981132,0.33429784470779317,May-64,-0.55957353
1300.7379454926624,0.3327727021637639,Jun-64,-0.5645147
1303.5736373165619,0.3315461023917959,Jul-64,-0.45736182
1246.3527253668763,0.337774536411168,Aug-64,-0.33118433
1189.032756813417,0.3181859296271415,Sep-64,-0.1799968
1415.7528825995807,0.3513323419511948,Oct-64,-0.12546578
1565.1936582809224,0.3777818523467593,Nov-64,-0.020008415
1637.3634696016773,0.38830951900983535,Dec-64,0.1534838
1557.0600104821804,0.37211297989857034,Jan-65,0.29584917
1507.6493710691823,0.3617155139589948,Feb-65,0.38893646
1380.0566037735848,0.34579670689279796,Mar-65,0.3378804
1371.0911949685535,0.3472857067143135,Apr-65,0.41294497
1360.91535639413,0.34415978370939526,May-65,0.43432525
1373.3655660377358,0.3464708946486518,Jun-65,0.41135946
1351.7505241090146,0.3459934496912219,Jul-65,0.15919273
1314.5927672955975,0.36677396859076145,Aug-65,-0.16330339
1272.0183438155136,0.3714236595729923,Sep-65,-0.4149784
1208.8309748427673,0.3173208437731007,Oct-65,-0.6842584
1309.8343815513626,0.33774489939116287,Nov-65,-0.78239244
1281.8608490566037,0.33620156488925335,Dec-65,-0.8575472
1353.7379454926624,0.34357567318542753,Jan-66,-0.8298811
1409.441037735849,0.3508612981994664,Feb-66,-0.8771215
1446.8542976939204,0.36216294625319245,Mar-66,-0.909477
1503.7775157232704,0.36958649229748586,Apr-66,-0.9854502
1503.1837002096436,0.3681566074488277,May-66,-0.8894401
1409.880503144654,0.35255756362174984,Jun-66,-0.7746508
1330.6588050314465,0.33773020885837896,Jul-66,-0.5350093
1376.1543501048218,0.3489539088880805,Aug-66,-0.48291388
1297.836215932914,0.3330726117617167,Sep-66,-0.3415631
1262.2101677148846,0.3245469551434732,Oct-66,-0.22565445
1270.1944444444443,0.32571708102035574,Nov-66,0.01720463
1319.8194444444443,0.34737511375146984,Dec-66,0.16704616
1347.9834905660377,0.3460518598601072,Jan-67,0.369821
1289.0741614255764,0.3282876503315968,Feb-67,0.4981045
1351.1687631027253,0.3365128135428806,Mar-67,0.64827704
1376.690251572327,0.3461382503844409,Apr-67,0.69516903
1317.5495283018868,0.3363698561868239,May-67,0.78124255
1276.1344339622642,0.3293964534248655,Jun-67,0.77491593
1299.3024109014675,0.3353723869680963,Jul-67,0.6684778
1316.0120545073376,0.3412776078450835,Aug-67,0.46302345
1268.8011006289307,0.33856914972168595,Sep-67,0.20896006
1271.1420335429768,0.3289400418576674,Oct-67,0.020668175
1273.5649895178196,0.3505519905145072,Nov-67,-0.05255613
1242.3799790356395,0.3414381802097448,Dec-67,-0.09158078
1176.8878406708595,0.35106084011829725,Jan-68,-0.1262155
1135.735324947589,0.340580949388425,Feb-68,-0.19523764
1097.1069182389938,0.3579448566943958,Mar-68,-0.28112322
1071.8016247379455,0.33673683381498015,Apr-68,-0.3610095
1082.8262578616352,0.32275163327797,May-68,-0.5141994
1245.7722746331237,0.34744128336584834,Jun-68,-0.575122
1277.6742662473794,0.3423602068575892,Jul-68,-0.55869395
1326.9027777777778,0.3479866242711703,Aug-68,-0.45463857
1394.572064989518,0.35114910775840774,Sep-68,-0.3410822
1504.979035639413,0.37281153589108645,Oct-68,-0.30082515
1562.9069706498951,0.373453764645545,Nov-68,-0.29940766
1615.0041928721173,0.38428967383924745,Dec-68,-0.32901084
1577.7869496855346,0.3822813987389531,Jan-69,-0.42470267
1564.9158805031448,0.3870494383784007,Feb-69,-0.45019484
1680.4085429769393,0.38881638812370545,Mar-69,-0.50428456
1823.8278301886792,0.413676831474531,Apr-69,-0.37888578
1863.5104821802936,0.4207846801048253,May-69,-0.3738201
2095.1126834381553,0.45963677217887816,Jun-69,-0.33747706
2208.972222222222,0.4736726385797393,Jul-69,-0.49170202
2132.8621593291405,0.45505654727340117,Aug-69,-0.51070243
1870.9845387840671,0.41709054381406907,Sep-69,-0.54433346
1689.2054507337525,0.3916884664476962,Oct-69,-0.4397713
1379.1375786163521,0.34449712895086476,Nov-69,-0.34072042
1259.6158280922432,0.3233251978674932,Dec-69,-0.1417688
1278.1370545073376,0.33963706849866876,Jan-70,-0.0128827235
1246.9709119496856,0.36144542118146505,Feb-70,0.12025277
1292.3076519916142,0.35120480931921527,Mar-70,0.2046819
1268.2214360587002,0.3255119362385301,Apr-70,0.33198088
1244.9669811320755,0.3180018659538291,May-70,0.54042
1244.6960167714885,0.3171773779869911,Jun-70,0.7096279
1260.8045073375263,0.3269419208435415,Jul-70,0.81252897
1178.4114255765198,0.3177241915339038,Aug-70,0.6643436
1167.6294549266247,0.3277950179800368,Sep-70,0.47400755
1130.829140461216,0.3233845058655134,Oct-70,0.27109173
1169.9046121593292,0.32155068122932173,Nov-70,0.12306453
1165.2117400419288,0.3003643254746108,Dec-70,0.07413008
1255.4281970649895,0.33197611487066403,Jan-71,0.16660142
1308.7848532494759,0.333027317352735,Feb-71,0.33610335
1564.6181865828091,0.37453320846200194,Mar-71,0.45970154
1667.5778301886792,0.3885422391663374,Apr-71,0.4789469
1831.9001572327045,0.4151212611714354,May-71,0.48561233
1808.5463836477988,0.4139271850688865,Jun-71,0.48161447
1724.7020440251572,0.40285550856552854,Jul-71,0.4099874
1689.1022012578617,0.39617424391124123,Aug-71,0.3399084
1546.361635220126,0.3749696876521695,Sep-71,0.17395741
1418.0828092243187,0.35172867040345346,Oct-71,0.016478656
1338.6401991614255,0.3370710576353069,Nov-71,-0.2997948
1292.1386268343815,0.33045078993559784,Dec-71,-0.5330085
1364.7122641509434,0.3431313303564663,Jan-72,-0.6933616
1306.4570230607967,0.35862144457384226,Feb-72,-0.6776538
1282.3008385744236,0.4066861356887031,Mar-72,-0.6856202
1195.2557651991615,0.4055264819733994,Apr-72,-0.7434984
1203.8498427672955,0.34666126450816703,May-72,-0.8474587
1204.277253668763,0.31263002051258926,Jun-72,-0.89795077
1362.6331236897274,0.3386607708079386,Jul-72,-0.9209635
1352.3440775681343,0.33819770613480765,Aug-72,-0.86574525
1465.854821802935,0.3622423439192534,Sep-72,-0.8469647
1570.2101677148846,0.38152565338346894,Oct-72,-0.756725
1822.778039832285,0.417991928079038,Nov-72,-0.76117194
1882.1844863731656,0.4259041539180713,Dec-72,-0.7340685
1774.8676624737946,0.41253788047956846,Jan-73,-0.75590503
1574.6569706498951,0.3784445533612917,Feb-73,-0.76838213
1508.6933962264152,0.365429030374583,Mar-73,-0.80304694
1478.2130503144654,0.36065057965106284,Apr-73,-0.7574256
1485.2581236897274,0.36282943262961187,May-73,-0.7005719
1518.5230607966457,0.3697479590903436,Jun-73,-0.6236741
1570.1061320754718,0.3835633745166505,Jul-73,-0.5128201
1472.1150419287212,0.3744501242545955,Aug-73,-0.2923436
1456.0788784067086,0.3740786008704443,Sep-73,-0.0273218
1548.5579140461216,0.38303439236569203,Oct-73,0.14449108
1667.5801886792453,0.39310294174361643,Nov-73,0.39237928
1669.8710691823899,0.392834130698257,Dec-73,0.6306508
1632.1601153039833,0.3917571835208756,Jan-74,0.95871216
1550.3419811320755,0.3811556167439921,Feb-74,1.1331575
1649.1564465408806,0.38856383512480347,Mar-74,1.3357286
1762.081498951782,0.4061311509145613,Apr-74,1.4560751
1778.8553459119496,0.4117553157158096,May-74,1.4769512
1793.986897274633,0.4166540660770006,Jun-74,1.3806189
1951.606394129979,0.4372366560241273,Jul-74,1.1145618
1595.495283018868,0.3836875155274138,Aug-74,0.74106115
1485.0524109014675,0.36560189509613483,Sep-74,0.2406512
1395.9423480083858,0.3491028930055239,Oct-74,-0.16969192
1426.067610062893,0.3513330597907738,Nov-74,-0.46425584
1311.1800314465409,0.34262354708591214,Dec-74,-0.62961733
1310.7921907756813,0.35832601535312525,Jan-75,-0.7673267
1287.7809224318657,0.44048564556204534,Feb-75,-0.90435284
1242.1635220125786,0.42787101514882825,Mar-75,-1.0955596
1305.8807651991615,0.3486623262396014,Apr-75,-1.284084
1313.0151991614255,0.3318628601355288,May-75,-1.4306555
1320.1553983228512,0.33674694794787696,Jun-75,-1.4214741
1343.8335953878407,0.33822521507181885,Jul-75,-1.2559465
1178.861635220126,0.3156036126719325,Aug-75,-0.99656653
1210.9103773584907,0.3314862796445472,Sep-75,-0.7895842
1312.0429769392033,0.33593947325230894,Oct-75,-0.6845182
1303.1808176100628,0.33256310840999465,Nov-75,-0.6418877
1328.8474842767296,0.33705800301290206,Dec-75,-0.46965614
1390.8860062893082,0.3512317616782029,Jan-76,-0.39571193
1463.1818658280922,0.3626388632446296,Feb-76,-0.34012496
1425.850890985325,0.35402428250320883,Mar-76,-0.45535976
1518.1268343815514,0.36583240863463923,Apr-76,-0.43660638
1502.927672955975,0.3633056462204214,May-76,-0.46737128
1431.6679769392033,0.3512433814490287,Jun-76,-0.51610804
1331.202568134172,0.3517517245423713,Jul-76,-0.5796955
1356.3854821802936,0.4084081532305838,Aug-76,-0.6084688
1389.7945492662475,0.3531762562504257,Sep-76,-0.710394
1526.2615303983227,0.36922203861471425,Oct-76,-0.9064478
1584.7327044025158,0.37522445486635236,Nov-76,-1.1068447
1598.3653039832286,0.38300660556172345,Dec-76,-1.2089702
1681.2783018867924,0.40058261147786267,Jan-77,-1.2801678
1724.1113731656185,0.40436561212839217,Feb-77,-1.3004067
1740.058962264151,0.40831392321554627,Mar-77,-1.322911
1762.0083857442348,0.41274704534274526,Apr-77,-1.4249653
1724.110324947589,0.4067111628817126,May-77,-1.5565639
1676.2531446540881,0.3946307452183152,Jun-77,-1.5443121
1635.274109014675,0.38965468350725724,Jul-77,-1.2428141
1541.2264150943397,0.3684170180256909,Aug-77,-0.9444865
1593.5099580712788,0.38363400411107584,Sep-77,-0.74537647
1664.8335953878407,0.3909995790664391,Oct-77,-0.64100164
1520.1928721174004,0.36637396286751056,Nov-77,-0.41990453
1457.237683438155,0.36938668735952235,Dec-77,-0.14187203
1443.380503144654,0.3776946826059821,Jan-78,0.21582317
1348.0946016771488,0.36537852973639556,Feb-78,0.43572837
1361.494496855346,0.3621589008923168,Mar-78,0.6325473
1338.507075471698,0.3585592912481099,Apr-78,0.5965765
1252.2387316561844,0.3456100367789224,May-78,0.5906369
1212.8123689727463,0.32345174136789967,Jun-78,0.5006918
1249.8647798742138,0.3300612321940903,Jul-78,0.5076545
1251.58071278826,0.34223216072692286,Aug-78,0.41799578
1273.662997903564,0.3406531586496678,Sep-78,0.3164566
1290.5416666666667,0.3389027293547287,Oct-78,0.19183174
1209.1438679245282,0.3433724102315754,Nov-78,0.22465311
1124.7528825995807,0.32419978602945726,Dec-78,0.24444684
1118.5893605870021,0.3157103101511428,Jan-79,0.273409
1112.5883123689728,0.34364310643892987,Feb-79,0.2487513
1111.7727987421383,0.3454325328929362,Mar-79,0.39561456
1155.0681341719078,0.3338901284093367,Apr-79,0.6433468
1178.5235849056603,0.3285165887047347,May-79,0.71680397
1207.597746331237,0.33807850119689403,Jun-79,0.7741441
1212.7413522012578,0.38971310318074726,Jul-79,0.5437417
1217.7468553459119,0.351091784574999,Aug-79,0.34794417
1293.8286163522012,0.3277986873437942,Sep-79,-0.015352479
1354.3013626834381,0.33753191708218483,Oct-79,-0.22453432
1336.3107966457023,0.3393458524656799,Nov-79,-0.31327796
1347.498427672956,0.3430519107725039,Dec-79,-0.3039698
1212.533280922432,0.3228523233567522,Jan-80,-0.299415
1187.079926624738,0.31568780586584155,Feb-80,-0.32714078
1262.087788259958,0.34615543336479565,Mar-80,-0.30851886
1171.5736373165619,0.3276935899691262,Apr-80,-0.19349438
1160.8325471698113,0.3132097824687662,May-80,-0.0054352717
1274.5490041928722,0.3500188324443755,Jun-80,0.16726604
1242.8642557651992,0.3497339703883802,Jul-80,0.21257688
1223.4701257861636,0.36434939781871833,Aug-80,0.17020932
1250.9795597484276,0.3442392502230351,Sep-80,0.11456206
1357.578354297694,0.38399885563865344,Oct-80,0.15749836
1268.9709119496856,0.3629210665563608,Nov-80,0.1937722
1202.1069182389938,0.3386190041601523,Dec-80,0.28119308
1208.4095911949685,0.36376358671163883,Jan-81,0.48114765
1240.5885744234802,0.3618534899230772,Feb-81,0.71301115
1205.4934486373165,0.31661765559615457,Mar-81,0.89475304
1245.6703354297695,0.322583747958148,Apr-81,0.8125583
1253.0010482180294,0.32063804390510453,May-81,0.7591849
1222.7762054507336,0.326055036894948,Jun-81,0.65288645
1240.9837526205451,0.328872042748566,Jul-81,0.61196697
1191.937893081761,0.3213250093631783,Aug-81,0.5864624
1275.537997903564,0.33783685811872144,Sep-81,0.534792
1389.5856918238994,0.3497588425211432,Oct-81,0.4907493
1290.2350628930817,0.3350818085370695,Nov-81,0.33439633
1262.0110062893082,0.3360916968847543,Dec-81,0.21934204
1218.45571278826,0.35421062532962205,Jan-82,0.13399017
1101.716719077568,0.4199276759445257,Feb-82,0.102344595
1133.2953354297695,0.33019654580680424,Mar-82,0.10008093
1211.9502096436058,0.32221602965198115,Apr-82,0.13704239
1282.7479035639412,0.3313654911721753,May-82,0.16437337
1278.5683962264152,0.3231738199117528,Jun-82,0.08367635
1376.2044025157234,0.3503931896268764,Jul-82,0.024060337
1386.565251572327,0.37401927379653227,Aug-82,-0.06711958
1402.3039832285115,0.3681404696541584,Sep-82,-0.09659245
1369.187106918239,0.34329292179715754,Oct-82,-0.22716454
1364.3349056603774,0.34096757303310826,Nov-82,-0.29951212
1464.658280922432,0.36588727657716896,Dec-82,-0.2925409
1589.9874213836479,0.3804713520276056,Jan-83,-0.19754156
1628.2712264150944,0.38478478415295614,Feb-83,-0.0523271
1585.3658280922432,0.3792774055440351,Mar-83,-0.017126108
1634.006289308176,0.3854938444524416,Apr-83,0.007898882
1745.2657232704403,0.4013701801389449,May-83,0.049292374
1782.256289308176,0.4135250984536057,Jun-83,0.083334595
1873.4829664570232,0.42641626161118346,Jul-83,0.08660877
1788.0036687631027,0.4122188087222799,Aug-83,0.12239174
1701.072064989518,0.3991839535902344,Sep-83,0.20734057
1640.1609014675053,0.38712393603962825,Oct-83,0.4151012
1436.6829140461216,0.3556787264827383,Nov-83,0.5474443
1454.524895178197,0.378265754106393,Dec-83,0.7360805
1410.5712788259957,0.36658109368406616,Jan-84,0.8397994
1363.837002096436,0.3631965321096952,Feb-84,1.0021577
1370.9491614255764,0.36915414039311517,Mar-84,1.2772241
1516.9072327044025,0.3624798309260861,Apr-84,1.5487168
1636.5885744234802,0.38287278904323285,May-84,1.8864688
1685.2667714884697,0.39615327697178293,Jun-84,1.9520684
1700.362683438155,0.3974293830543859,Jul-84,1.8469194
1690.5115303983227,0.3959144097012635,Aug-84,1.4172195
1617.5626310272537,0.38417940099863185,Sep-84,1.006993
1501.1247379454926,0.3638881349861703,Oct-84,0.60572624
1412.1837002096436,0.34770365810433285,Nov-84,0.33076146
1348.0634171907757,0.3406792605599272,Dec-84,0.13545756
1251.8891509433963,0.3521046060834509,Jan-85,0.07966863
1141.8037211740043,0.36669010378371575,Feb-85,-0.040060245
1139.5626310272537,0.3547764911333786,Mar-85,-0.20617265
1113.2384696016773,0.3416686152592456,Apr-85,-0.41749114
1138.7885220125786,0.33696969798784215,May-85,-0.49088076
1123.269392033543,0.3270589221311213,Jun-85,-0.44216222
1148.1066561844864,0.3619643502444044,Jul-85,-0.3271617
1152.7237945492664,0.3592862707678843,Aug-85,-0.22817777
1123.4840146750523,0.35149854629919736,Sep-85,-0.21953605
1166.4447064989517,0.3265607599814755,Oct-85,-0.32254115
1153.8482704402516,0.321438509988765,Nov-85,-0.3999303
1143.9258385744236,0.32712125178871454,Dec-85,-0.4190512
1136.191823899371,0.32666178182858574,Jan-86,-0.37821475
1118.4840146750523,0.33125145199164474,Feb-86,-0.3400829
1053.3985849056603,0.3609056473065626,Mar-86,-0.4351012
1101.5102201257862,0.331010001384589,Apr-86,-0.5868169
1096.1074423480084,0.3209722948391134,May-86,-0.61223024
1132.0091719077568,0.3158028920625403,Jun-86,-0.6358988
1115.3768343815514,0.32410270153530185,Jul-86,-0.4875591
1116.8912473794549,0.3240708881491195,Aug-86,-0.4725571
1076.0566037735848,0.3333138250338857,Sep-86,-0.34792194
1141.0662997903564,0.3295896406474704,Oct-86,-0.28056982
1182.2953354297695,0.32188133591758317,Nov-86,-0.25408465
1244.8786687631027,0.33131232504768715,Dec-86,-0.25114584
1317.1223794549267,0.33654057118545405,Jan-87,-0.30057925
1317.7612683438156,0.3451280235209326,Feb-87,-0.29676068
1291.2009958071278,0.3439267947619215,Mar-87,-0.25240883
1408.9053983228512,0.353511883267145,Apr-87,-0.18187681
1575.7615303983227,0.38161060244912465,May-87,-0.1887303
1598.2696540880504,0.3810976202940568,Jun-87,-0.21060003
1642.9528301886792,0.388964874357678,Jul-87,-0.2475649
1623.275681341719,0.387171390250051,Aug-87,-0.15893725
1564.8252096436058,0.3709932319718619,Sep-87,-0.059292313
1575.831498951782,0.3754363696958312,Oct-87,7.4840727e-06
1622.747641509434,0.38154335941103684,Nov-87,0.00635112
1583.2937631027253,0.37937411878115757,Dec-87,0.028766353
1491.8265199161426,0.3667554733787182,Jan-88,0.21329145
1423.1386268343815,0.3542358707194565,Feb-88,0.40614298
1373.6535639412998,0.35625615093608143,Mar-88,0.6486843
1320.2329664570232,0.35297301319867097,Apr-88,0.803786
1299.4575471698113,0.3628875709233706,May-88,0.9937907
1303.3561320754718,0.33718493921393977,Jun-88,1.119697
1346.1433438155136,0.3509772117766815,Jul-88,1.1661166
1381.355607966457,0.3459683179125784,Aug-88,1.1074963
1445.0469077568134,0.356204229576303,Sep-88,1.0324112
1582.2670335429768,0.37781471372879916,Oct-88,1.0743413
1709.7350628930817,0.39880219265979294,Nov-88,1.1571355
1741.1050838574424,0.4075533672152831,Dec-88,1.2209771
1714.401467505241,0.40125153755661713,Jan-89,1.2127947
1681.163784067086,0.3926812381631909,Feb-89,1.2401454
1713.1210691823899,0.3962357742116938,Mar-89,1.206617
1873.9585953878407,0.42101761047948355,Apr-89,1.177859
1945.333857442348,0.4298404452589652,May-89,1.0055976
1895.7984800838574,0.4252214066492523,Jun-89,0.8257675
1859.9190251572327,0.4171436441903234,Jul-89,0.56117564
1868.7586477987422,0.41616537876174464,Aug-89,0.3029574
1793.6218553459119,0.4170354845853412,Sep-89,-0.070356935
1675.3031970649895,0.38961828426712375,Oct-89,-0.49361548
1664.052672955975,0.38985958999790504,Nov-89,-0.8341728
1567.9295073375263,0.3691132386273368,Dec-89,-1.0427151
1489.1813417190776,0.3855140884249066,Jan-90,-1.0139296
1422.5762578616352,0.3786954174006433,Feb-90,-1.1474288
1259.0552935010483,0.32027878423438794,Mar-90,-1.2657233
1183.28249475891,0.3192350111386672,Apr-90,-1.5152141
1261.4019916142558,0.3291378443862087,May-90,-1.5637815
1307.388364779874,0.3338079799026682,Jun-90,-1.4598507
1275.5893605870021,0.3256354111352276,Jul-90,-1.2585461
1321.361111111111,0.3345368550032063,Aug-90,-0.96705306
1307.9360587002097,0.3334160502395164,Sep-90,-0.7391527
1273.19785115304,0.3327809236335857,Oct-90,-0.59396607
1277.6897274633125,0.3277660615926805,Nov-90,-0.5188517
1252.2583857442348,0.32253752505489713,Dec-90,-0.5028789
1255.4640985324947,0.3390781528936697,Jan-91,-0.41686267
1214.144392033543,0.32044297216008133,Feb-91,-0.3035981
1164.0683962264152,0.34748583869244576,Mar-91,-0.18796432
1152.3980607966457,0.3335958760517216,Apr-91,-0.1420369
1138.7389937106918,0.350915350736664,May-91,-0.103262864
1125.567610062893,0.3735396322541716,Jun-91,0.07062217
1161.1493710691823,0.4415270462168554,Jul-91,0.21642439
1261.75786163522,0.438503519651312,Aug-91,0.30936322
1333.583857442348,0.3489614768992037,Sep-91,0.28249094
1347.514675052411,0.3348875620511805,Oct-91,0.23070274
1333.442610062893,0.33316481739121073,Nov-91,0.14983581
1333.5353773584907,0.35809466190114747,Dec-91,0.13461955
1258.1480607966457,0.3401650631340177,Jan-92,0.1680495
1338.861897274633,0.3317557744928826,Feb-92,0.27430835
1442.668501048218,0.35236244110982307,Mar-92,0.30034572
1609.251572327044,0.37772749590683175,Apr-92,0.34024635
1602.2196016771488,0.3781950730670097,May-92,0.36960512
1663.882075471698,0.39074017982690995,Jun-92,0.3894849
1544.4661949685535,0.37427777509900056,Jul-92,0.33668196
1522.3807651991615,0.3752562795251012,Aug-92,0.27493447
1508.1603773584907,0.37096562220295926,Sep-92,0.20676929
1480.630503144654,0.3648012204494183,Oct-92,0.27563846
1343.083071278826,0.33974138545380456,Nov-92,0.33834374
1247.0880503144654,0.3315788014710568,Dec-92,0.43331182
1234.3582285115303,0.33806048643667075,Jan-93,0.4700466
1206.7300838574424,0.3279652555396916,Feb-93,0.54022974
1161.3233752620545,0.30661791149824613,Mar-93,0.74107474
1200.9908280922432,0.30778668030821177,Apr-93,1.0487322
1281.4960691823899,0.3204500651987647,May-93,1.2779423
1325.3668763102726,0.3343150878171785,Jun-93,1.3740263
1278.9554507337525,0.33509770315027215,Jul-93,1.3202823
1292.8259958071278,0.37239751119501,Aug-93,1.207866
1317.1029874213837,0.34371912800761006,Sep-93,0.97094774
1345.8600628930817,0.3434121400672899,Oct-93,0.7269044
1362.3860062893082,0.3488148293576556,Nov-93,0.49491164
1303.8862683438156,0.39559524051928835,Dec-93,0.31194958
1269.472746331237,0.3579856393061646,Jan-94,0.1709842
1312.5120545073376,0.3588992527759405,Feb-94,0.13654564
1302.7929769392033,0.33691903282532326,Mar-94,0.1862428
1293.8398846960167,0.33232895611474483,Apr-94,0.28342465
1341.2651991614255,0.3402537286519698,May-94,0.2955382
1357.6892033542977,0.3427526482920607,Jun-94,0.30652818
1258.657756813417,0.3309146591197854,Jul-94,0.2720491
1210.3490566037735,0.36004417610459116,Aug-94,0.40199658
1221.0623689727463,0.3672283369592442,Sep-94,0.46688697
1224.1711215932914,0.3472701640673346,Oct-94,0.54575723
1244.3592767295597,0.33233527762035586,Nov-94,0.46069396
1332.5801886792453,0.3602326243241358,Dec-94,0.34395525
1352.551886792453,0.3663363648564531,Jan-95,0.22891523
1320.8587526205451,0.3540101386511244,Feb-95,0.24827513
1347.4302935010483,0.3427853035954172,Mar-95,0.32700837
1306.218291404612,0.3367102259203697,Apr-95,0.41498762
1282.5083857442348,0.3436453612872318,May-95,0.32897398
1223.7416142557652,0.394466726715107,Jun-95,0.253419
1176.7295597484276,0.4220447658006601,Jul-95,0.12224635
1223.8162997903564,0.3242509565283017,Aug-95,0.13492967
1264.9221698113208,0.3308644721187741,Sep-95,0.18428752
1279.5746855345913,0.33588269953050787,Oct-95,0.26648793
1253.0657756813416,0.34994263472735165,Nov-95,0.24008462
1242.1729559748428,0.37347696788473184,Dec-95,0.21840656
1331.3957023060796,0.35263406003865805,Jan-96,0.23270753
1366.7900943396226,0.341077750782483,Feb-96,0.40834782
1360.2727987421383,0.3423058152876982,Mar-96,0.6330898
1449.6399371069183,0.3512778110038351,Apr-96,0.88739014
1581.149895178197,0.3733474563138516,May-96,0.98206484
1559.2363731656185,0.3664152007527763,Jun-96,0.9155319
1431.7093815513626,0.3555530218565933,Jul-96,0.7092175
1319.3262578616352,0.3405600285036875,Aug-96,0.5210309
1332.504716981132,0.34325612989035803,Sep-96,0.34391922
1325.2869496855346,0.345998154785138,Oct-96,0.26663047
1324.5584381551362,0.33714459010893766,Nov-96,0.15647341
1297.7387316561844,0.33460784377257513,Dec-96,0.11258334
1234.9507337526206,0.33533281314691726,Jan-97,-0.042264927
1166.329140461216,0.33490569161309897,Feb-97,-0.26946214
1139.4792976939204,0.3483502617186901,Mar-97,-0.45228714
1172.1087526205451,0.3523492782005695,Apr-97,-0.6157431
1222.225890985325,0.3458163332213511,May-97,-0.5949925
1212.7384696016773,0.3227806296653271,Jun-97,-0.5804117
1263.626572327044,0.33886169996623294,Jul-97,-0.46329454
1311.0513626834381,0.3613313698274786,Aug-97,-0.36239034
1428.1677148846961,0.3580636025874238,Sep-97,-0.28768373
1522.6378406708595,0.3674720299683697,Oct-97,-0.26463738
1602.051886792453,0.3826145219959726,Nov-97,-0.2244332
1724.2028301886792,0.39663888168211114,Dec-97,-0.21435459
1847.8723794549267,0.41831546803907277,Jan-98,-0.15707897
1905.062893081761,0.4314850497724122,Feb-98,-0.1353353
2104.2426624737946,0.46125783339413584,Mar-98,-0.08625796
2216.011006289308,0.47715235281928847,Apr-98,-0.08890042
2370.85927672956,0.49565759794691283,May-98,-0.17591862
2300.895178197065,0.48694972230787803,Jun-98,-0.25961253
2117.8901991614257,0.4576489345989184,Jul-98,-0.20553601
2078.2502620545074,0.45072646091340535,Aug-98,0.04588335
1790.1501572327045,0.41220199796477053,Sep-98,0.3618333
1777.767819706499,0.4086590673265151,Oct-98,0.5867528
1585.422431865828,0.37724899974052273,Nov-98,0.7518385
1596.388888888889,0.3804034388179217,Dec-98,0.9404196
1698.466719077568,0.3979278686973349,Jan-99,1.2107798
1689.0013102725368,0.3986129250293664,Feb-99,1.5736128
1940.7651991614255,0.43310293454509213,Mar-99,1.8132374
2060.95571278826,0.44963841424691176,Apr-99,1.9453228
2138.340146750524,0.4632815830230619,May-99,1.9666958
1954.232180293501,0.4400953168847279,Jun-99,1.8649457
1809.0151991614255,0.41514990522536366,Jul-99,1.636267
1785.0267295597484,0.41210402670661106,Aug-99,1.1830404
1635.6325995807128,0.3853179171372199,Sep-99,0.9280777
1711.107180293501,0.4013723872013557,Oct-99,0.42238986
1650.3993710691823,0.3933500163055661,Nov-99,-0.041978296
1659.8503668763103,0.3872285062719565,Dec-99,-0.5935822
1556.452568134172,0.3745998384937023,Jan-00,-0.6993563
1436.0005241090146,0.3674620625110064,Feb-00,-0.6846171
1340.2769916142558,0.34592078756013045,Mar-00,-0.6301869
1329.9554507337525,0.342841094187521,Apr-00,-0.8040149
1299.643605870021,0.34017509395828577,May-00,-1.0042382
1231.0393081761006,0.3258857335271674,Jun-00,-1.1116525
1198.7874737945492,0.33024067871271323,Jul-00,-0.95984495
1216.9444444444443,0.3330257588636433,Aug-00,-0.7483964
1129.4601677148846,0.35816790106409313,Sep-00,-0.5540225
1165.8126310272537,0.31647604293657905,Oct-00,-0.495483
1152.1585429769393,0.3074764636977931,Nov-00,-0.45656565
1220.1307651991615,0.3662455837904596,Dec-00,-0.6001646
1353.8907232704403,0.34671942059087923,Jan-01,-0.7060592
1457.4468029350105,0.3590721976274157,Feb-01,-0.7236713
1458.0285639412998,0.35619322756380334,Mar-01,-0.7738954
1529.0306603773586,0.36631803291994636,Apr-01,-0.932238
1530.3087002096436,0.36388620980755787,May-01,-1.19816
1507.9289832285115,0.363314221849094,Jun-01,-1.2668371
1290.7866876310272,0.33491216424615516,Jul-01,-1.1847072
1241.381289308176,0.33483592514923494,Aug-01,-0.9527021
1115.2589098532494,0.3115196889842734,Sep-01,-0.73329663
1147.8383123689728,0.3128956081495974,Oct-01,-0.5422569
1150.0959119496856,0.3118122639706809,Nov-01,-0.39796883
1286.1606394129979,0.3551683477717153,Dec-01,-0.3226155
1417.586215932914,0.3570089282194829,Jan-02,-0.27034748
1573.5041928721173,0.3790900012463783,Feb-02,-0.27341792
1590.1996855345913,0.38023226428144663,Mar-02,-0.3554503
1596.7028301886792,0.379527864485763,Apr-02,-0.44617233
1558.795859538784,0.37560233388493003,May-02,-0.588198
1474.7340146750523,0.367191338776041,Jun-02,-0.52243817
1399.840932914046,0.3718478635976085,Jul-02,-0.44359142
1281.5476939203354,0.3680904343176142,Aug-02,-0.2792702
1271.8786687631027,0.3437876789046029,Sep-02,-0.18702295
1200.4289832285115,0.347967477881033,Oct-02,-0.06476707
1217.9724842767296,0.3287197472202428,Nov-02,0.039832614
1319.8791928721173,0.3376536455214885,Dec-02,0.18612583
1426.982180293501,0.35734280668275076,Jan-03,0.2592042
1494.4772012578617,0.3659375374725992,Feb-03,0.36153263
1534.908280922432,0.36927941557371896,Mar-03,0.2473117
1530.1656184486374,0.3668974023632551,Apr-03,0.10490025
1502.1648322851154,0.3558764848978173,May-03,-0.08393302
1409.9412997903564,0.3487177837954048,Jun-03,-0.07581677
1333.7046645702305,0.36625797177914216,Jul-03,0.04102412
1257.631289308176,0.4390780082529303,Aug-03,0.15823878
1292.9994758909854,0.3381883855598132,Sep-03,0.260188
1359.7261530398323,0.3431886442212215,Oct-03,0.42401588
1382.2859014675053,0.349417502494142,Nov-03,0.5531755
1291.1223794549267,0.3333795750231049,Dec-03,0.7116408
1291.4261006289307,0.3411917299163482,Jan-04,0.7363553
1237.5500524109016,0.3317186347266307,Feb-04,0.85262626
1221.3273060796646,0.33004692061511676,Mar-04,0.9461126
1212.3142033542977,0.3260084634180121,Apr-04,0.9905891
1234.9038259958072,0.34542105643725673,May-04,0.9384341
1174.2494758909854,0.32183583490975326,Jun-04,0.77005947
1130.66928721174,0.329063175958971,Jul-04,0.5906435
1136.183176100629,0.3361120569289707,Aug-04,0.34425777
1146.8993710691823,0.36293861513213777,Sep-04,0.12401306
1123.9575471698113,0.3350716338070025,Oct-04,0.010750368
1135.7714884696018,0.3448098708645764,Nov-04,0.08124519
1098.45964360587,0.3209962530149378,Dec-04,0.1782151
1094.5657756813416,0.3573454918250475,Jan-05,0.28183728
1056.9918763102726,0.36733931488797356,Feb-05,0.41814286
1075.88286163522,0.30441900879776446,Mar-05,0.5406502
1053.9706498951782,0.29440675204541794,Apr-05,0.6342347
1104.3844339622642,0.3261366289190308,May-05,0.5028796
1144.1601153039833,0.33906243089060567,Jun-05,0.3627541
1193.958857442348,0.3282483164860498,Jul-05,0.25234377
1190.8681865828091,0.3372740099516515,Aug-05,0.26023245
1219.4884696016773,0.3308299706197665,Sep-05,0.3424254
1243.1134696016773,0.34417718639754674,Oct-05,0.3933608
1265.4072327044025,0.3577901095141981,Nov-05,0.38005948
1205.6090146750523,0.3408862227339521,Dec-05,0.48557198
1266.6808176100628,0.3597416557875098,Jan-06,0.56273687
1239.436320754717,0.335227451273553,Feb-06,0.7893156
1205.6077044025158,0.3342499438268685,Mar-06,0.8604163
1218.2209119496856,0.3374735414794551,Apr-06,0.97259676
1213.597746331237,0.3409736964245023,May-06,0.97374153
1211.587002096436,0.3350685257432135,Jun-06,0.9606091
1258.3645178197064,0.3512954950132835,Jul-06,0.83332694
1214.4808700209644,0.33473756412672884,Aug-06,0.72893655
1219.750786163522,0.3455294693849648,Sep-06,0.667298
1198.2552410901467,0.3626591446060326,Oct-06,0.7341669
1168.349318658281,0.35361707187418423,Nov-06,0.7486472
1189.7038784067086,0.349484941432066,Dec-06,0.68061393
1359.5794025157234,0.3490800008946917,Jan-07,0.60569054
1417.5951257861636,0.3495210106635325,Feb-07,0.56244326
1458.4635744234802,0.35259020677199393,Mar-07,0.47127384
1387.0759958071278,0.34299871598429404,Apr-07,0.21565877
1384.4777253668763,0.3348504265566499,May-07,-0.062831916
1393.131289308176,0.3408552107213972,Jun-07,-0.17228884
1285.1268343815514,0.3524834407243583,Jul-07,-0.13313153
1180.583857442348,0.3273764804961902,Aug-07,0.087324955
1143.7348008385745,0.3422932663191889,Sep-07,0.23801962
1211.954140461216,0.3644605432450826,Oct-07,0.4289629
1188.795073375262,0.32710732669800513,Nov-07,0.42148882
1253.533280922432,0.3275345922796096,Dec-07,0.53249985
1302.2418763102726,0.33401227469655864,Jan-08,0.6837519
1356.598532494759,0.3399487512463548,Feb-08,0.94545346
1371.2203878406708,0.3481586344962983,Mar-08,1.0684956
1375.8286163522012,0.345284446166951,Apr-08,1.1267343
1407.0828092243187,0.3467084620198184,May-08,1.0840644
1371.486897274633,0.34247289280151344,Jun-08,0.84596604
1326.0820230607967,0.3351886129717699,Jul-08,0.59040546
1338.6477987421383,0.3438710922181786,Aug-08,0.3096098
1255.9295073375263,0.3228311305491858,Sep-08,0.27317572
1277.293501048218,0.32477310348156235,Oct-08,0.28267625
1302.3233752620545,0.3330364882502589,Nov-08,0.23697801
1253.9143081761006,0.3329905768715694,Dec-08,0.081146255
1288.1163522012578,0.3396439519470592,Jan-09,-0.19915593
1336.8076519916142,0.3534276528066743,Feb-09,-0.5551591
1340.3435534591194,0.3644536789277366,Mar-09,-0.7955395
1346.8553459119496,0.35530213055430115,Apr-09,-1.0169127
1366.492924528302,0.3481026773210258,May-09,-1.0419593
1269.0649895178196,0.3303507065015807,Jun-09,-1.1349326
1274.322327044025,0.33407132258707767,Jul-09,-0.9690186
1250.7961215932914,0.3504842721139138,Aug-09,-0.776212
1153.352463312369,0.3093552931398827,Sep-09,-0.50620604
1151.2885220125786,0.30546638999078585,Oct-09,-0.2950319
1189.302935010482,0.31423988808537917,Nov-09,-0.030986253
1263.3241614255764,0.3353363725846849,Dec-09,0.21788374
1444.5497903563942,0.35259273558845966,Jan-10,0.3047
1527.7481656184486,0.36676576279942297,Feb-10,0.29112566
1733.908280922432,0.39890217787155013,Mar-10,0.23866728
1906.967243186583,0.4244758637976837,Apr-10,0.041752037
2013.6263102725368,0.4346456364038033,May-10,-0.2026771
1950.3904612159329,0.43168629787323287,Jun-10,-0.32084006
1669.227463312369,0.38793123586143535,Jul-10,-0.21986026
1566.8776205450733,0.3820949977799126,Aug-10,-0.0019355713
1405.0309224318657,0.41708604957876255,Sep-10,0.20673014
1468.4842767295597,0.3720992398330161,Oct-10,0.44129783
1470.0220125786163,0.36088385896846126,Nov-10,0.6866206
1556.046645702306,0.3719220792966751,Dec-10,0.8145002
1590.9837526205451,0.37899841757683195,Jan-11,0.92851865
1498.4785115303982,0.3647275104557603,Feb-11,0.9965588
1526.1519916142558,0.3665544238321187,Mar-11,1.2013024
1855.5615828092243,0.4166920701405049,Apr-11,1.3493288
2098.112421383648,0.4493660529435034,May-11,1.4943042
2201.941561844864,0.46780349918311714,Jun-11,1.508056
2374.5424528301887,0.48746566900360433,Jul-11,1.4319785
2290.4179769392035,0.479076425660654,Aug-11,1.2436371
1867.3605870020965,0.4211715996715683,Sep-11,0.8803118
1484.4530922431866,0.36686191009328184,Oct-11,0.4821517
1292.8791928721173,0.34060680812671074,Nov-11,-0.026253607
1272.08071278826,0.34250380908497363,Dec-11,-0.48419446
1521.8802410901467,0.3677778038811327,Jan-12,-0.9007243
1515.2350628930817,0.3628371261477597,Feb-12,-1.1236728
1501.670859538784,0.3588418619296816,Mar-12,-1.1456565
1598.024109014675,0.3767507110407814,Apr-12,-1.1682768
1567.677672955975,0.37539124997334605,May-12,-1.2799164
1579.8731656184486,0.37758639306414865,Jun-12,-1.3254699
1469.6844863731656,0.35819543759105993,Jul-12,-1.1850008
1398.645964360587,0.3438732323444872,Aug-12,-0.87801117
1371.676886792453,0.3465281149837551,Sep-12,-0.664157
1387.7636268343815,0.35102158971736935,Oct-12,-0.46210036
1375.625786163522,0.34703679908801666,Nov-12,-0.28158253
1398.0068134171909,0.37158932258642274,Dec-12,-0.28978896
1384.034067085954,0.38610223123111326,Jan-13,-0.37493786
1279.302672955975,0.3325215618430515,Feb-13,-0.57568455
1307.901467505241,0.3346996637973654,Mar-13,-0.6353523
1433.670859538784,0.3561603102244666,Apr-13,-0.7678865
1363.727463312369,0.34334556828920293,May-13,-0.91089207
1384.448113207547,0.3426784323168986,Jun-13,-1.0006996
1410.926886792453,0.34960799165480644,Jul-13,-0.8935853
1356.0162473794549,0.3672253541459551,Aug-13,-0.5909001
1365.3522012578617,0.36023609233344145,Sep-13,-0.24146113
1445.8718553459119,0.3562563067016642,Oct-13,0.017526675
1502.2473794549267,0.36371905865291915,Nov-13,0.29894182
1394.2900943396226,0.3474457600013279,Dec-13,0.5541895
1307.541928721174,0.34905322570887687,Jan-14,0.6165517
1165.934748427673,0.35449822774125483,Feb-14,0.4606796
1183.6603773584907,0.3379327586430837,Mar-14,0.33573148
1380.248427672956,0.34684699840327676,Apr-14,0.2229762
1422.8149895178196,0.3520842992507419,May-14,0.2368522
1406.6787211740043,0.35385412611400185,Jun-14,0.060822107
1449.1986373165619,0.36236654768290516,Jul-14,0.12809297
1418.1331236897274,0.3656034264613861,Aug-14,0.17395528
1320.4536163522012,0.36915222336952414,Sep-14,0.2770487
1247.2856394129979,0.3550067078031924,Oct-14,0.27027556
1244.1564465408806,0.332896851508548,Nov-14,0.15826303
1221.9583333333333,0.3217314593969095,Dec-14,-0.019009344
1216.683176100629,0.3333064068456125,Jan-15,-0.13765866
1138.1679769392033,0.33643887746473006,Feb-15,-0.20682935
1093.6753144654087,0.32487963377279483,Mar-15,-0.12420865
1113.953354297694,0.3057131350862478,Apr-15,-0.15454759
1141.7253668763103,0.3047088115527479,May-15,-0.26900965
1186.2783018867924,0.31400626392533926,Jun-15,-0.4234933
1258.6834381551362,0.3343699269178895,Jul-15,-0.53283167
1284.29428721174,0.33412107934349683,Aug-15,-0.35770178
1310.2856394129979,0.3419849816679731,Sep-15,-0.18288496
1390.8802410901467,0.3484747399249879,Oct-15,-0.0042284103
1344.2961215932914,0.3387017838569275,Nov-15,0.039821856
1333.4638364779873,0.33792109137205567,Dec-15,0.076272935
1386.7009958071278,0.3467194344090044,Jan-16,0.19156554
1383.2410901467506,0.34872301166166847,Feb-16,0.31255895
1504.5990566037735,0.36788511344668007,Mar-16,0.5068427
1627.17714884696,0.3870024414724364,Apr-16,0.6427466
1688.6682389937107,0.3967338209306763,May-16,0.6185232
1584.7230083857442,0.3783079161361429,Jun-16,0.53134173
1543.5476939203354,0.3735326259650727,Jul-16,0.50684667
1465.3529874213837,0.3946753521104847,Aug-16,0.64368993
1468.7340146750523,0.38384448810473093,Sep-16,0.87333983
1543.090932914046,0.37815144650040744,Oct-16,1.0285673
1679.3498427672955,0.39678042202963537,Nov-16,1.246424
1708.8390985324947,0.40070431042231786,Dec-16,1.3777367
1713.281708595388,0.39993005105558205,Jan-17,1.6212914
1567.8191823899372,0.37706580875862683,Feb-17,1.8206198
1739.1349580712788,0.401467459160258,Mar-17,2.1493359
1732.4019916142558,0.4005222157987271,Apr-17,2.3907065
1787.2604821802936,0.4095176761795255,May-17,2.5744545
1773.7898322851154,0.41062247970390203,Jun-17,2.534631
1784.3980607966457,0.40904180170821336,Jul-17,2.2614386
1672.458071278826,0.3969368376744101,Aug-17,1.8591394
1493.8807651991615,0.3864525000636809,Sep-17,1.3742204
1502.024895178197,0.39006771793176687,Oct-17,0.951025
1504.5445492662475,0.3607245139240358,Nov-17,0.59682286
1425.3165618448638,0.3516676920683502,Dec-17,0.2778721
1343.6509433962265,0.35346572654703295,Jan-18,0.039442655
1344.3393605870021,0.3615770135321939,Feb-18,-0.12319247
1303.9879454926624,0.34011616169980774,Mar-18,-0.23674738
1290.69785115304,0.3309849020266373,Apr-18,-0.18560083
1274.1787211740043,0.3268247484694673,May-18,-0.04762839
1345.4811320754718,0.33994652793974245,Jun-18,0.07381547
1306.643605870021,0.3358947480083521,Jul-18,0.09787829
1328.2059748427673,0.3408953004126193,Aug-18,0.10849895
1341.666142557652,0.364247951512709,Sep-18,0.20291676
1347.7363731656185,0.3639564667143369,Oct-18,0.3415629
1327.531708595388,0.34280964369832695,Nov-18,0.37527886
1292.4056603773586,0.34891922334926373,Dec-18,0.29224294
1206.216719077568,0.4068256354412224,Jan-19,0.059760474
1201.651467505241,0.321824982801363,Feb-19,-0.10717005
1184.6420335429768,0.3106358154802854,Mar-19,-0.3261776
1278.7866876310272,0.3243543064943924,Apr-19,-0.5557284
1385.1168763102726,0.346054786166195,May-19,-0.8114881
1454.2670335429768,0.3558287314114092,Jun-19,-0.86054564
1500.0398322851154,0.3616191647731381,Jul-19,-0.75869733
1519.3131551362683,0.36524829181414076,Aug-19,-0.57294166
1411.9646226415093,0.35044075168953115,Sep-19,-0.37002206
1315.521750524109,0.3356264866852285,Oct-19,-0.032960042
1195.5039308176101,0.3400282878655013,Nov-19,0.29358137
1147.3708071278827,0.3166440349476859,Dec-19,0.53790474
1193.447064989518,0.334847781861915,Jan-20,0.5982565
1252.5065513626835,0.34098690517800667,Feb-20,0.5263582
1261.4266247379455,0.33227830312351603,Mar-20,0.5770714
1373.604821802935,0.3381170479091143,Apr-20,0.5880678
1427.793501048218,0.34686345747961117,May-20,0.7320976
1408.8225890985325,0.3525833585095069,Jun-20,0.7570124
1357.033280922432,0.34120800752273656,Jul-20,0.88686097
1263.427935010482,0.33082397624195603,Aug-20,0.7540845
1228.888364779874,0.3327511453016454,Sep-20,0.8032319
1206.0214884696018,0.32433463414370045,Oct-20,0.7929117
1199.7733228511531,0.3116850890143702,Nov-20,0.94311816
1301.138888888889,0.3261605987186935,Dec-20,0.8276536
1333.1349580712788,0.3367185560001092,Jan-21,0.5324276
1552.8451257861636,0.3744731258138847,Feb-21,0.2751846
1555.9150943396226,0.37611412673515937,Mar-21,0.13091707
1641.4832285115303,0.38920521838960664,Apr-21,0.17304586
1759.0497903563942,0.40259229019396503,May-21,0.32089597
1917.704140461216,0.4264222599025642,Jun-21,0.3199329
1733.7945492662475,0.3970291924133785,Jul-21,0.27586997
1411.215932914046,0.35692346814393383,Aug-21,0.057744484
1241.0600104821804,0.3437193972420031,Sep-21,-0.10962818
1188.5495283018868,0.35118015640305844,Oct-21,-0.17416656
1226.4884696016773,0.32723541934149936,Nov-21,-0.048791025
1221.9035639412998,0.3218710505306696,Dec-21,0.09106833
1161.117924528302,0.3415792397726602,Jan-22,0.012546472
1275.65749475891,0.36203472796901964,Feb-22,-0.33346978
1379.513102725367,0.3443443750503252,Mar-22,-0.6355724
1363.210429769392,0.3348323842889744,Apr-22,-0.68644166
1382.2979559748428,0.3412621149619532,May-22,-0.62298465
1416.1915618448638,0.35101605411862696,Jun-22,-0.43831164
1397.723532494759,0.34650748971602047,Jul-22,-0.34067717
1263.408280922432,0.348751021585502,Aug-22,-0.20687449
1164.6616876310272,0.3319571820927226,Sep-22,-0.10733983
